{
  "model_type": "svd",
  "test_rmse": 0.9957543852914015,
  "test_rmse_warm": 0.927665765968414,
  "test_rmse_cold": 1.079110499180319,
  "precision_at_k": 0.4274540720912325,
  "precision_at_k_warm": 0.395717375630858,
  "recall_at_k": 0.5662354757157305,
  "recall_at_k_warm": 0.6390164371629768,
  "k": 10,
  "threshold": 4.5,
  "warm_fraction": 0.5690810834663421,
  "n_test_rows": 1994229
}