{
  "model_type": "svd",
  "test_rmse": 0.9958042861278674,
  "test_rmse_warm": 0.9247640561808472,
  "test_rmse_cold": 1.0825011410871326,
  "precision_at_k": 0.42673902680503095,
  "precision_at_k_warm": 0.3951934631098294,
  "recall_at_k": 0.5655366591829307,
  "recall_at_k_warm": 0.6383317714253844,
  "k": 10,
  "threshold": 4.5,
  "warm_fraction": 0.5690810834663421,
  "n_test_rows": 1994229
}